SA2,Buddhism_P,Christianity_Anglican_P,Christianity_Asyrin_Apstlic_P,Christianity_Baptist_P,Christianity_Brethren_P,Christianity_Catholic_P,Christianity_Church_Christ_P,Christianity_Eastrn_Orthdox_P,Christinty_Jehvahs_Witnses_P,Christianity_Lattr_day_Snts_P,Christianity_Lutheran_P,Christianity_Orintal_Orthdx_P,Christianity_Othr_Protestnt_P,Christianity_Pentecostal_P,Christinty_Prsbytrin_Refrmd_P,Christianity_Salvation_Army_P,Christnty_Sevnth_dy_Advntst_P,Christianity_Uniting_Church_P,Christianity_Christian_nfd_P,Christianity_Othr_Christian_P,Hinduism_P,Islam_P,Judaism_P,Othr_Rel_Aust_Abor_Trad_Rel_P,Othr_Rel_Sikhism_P,Othr_Reln_Other_reln_groups_P,SB_OSB_NRA_NR_P,SB_OSB_NRA_SB_P,SB_OSB_NRA_OSB_P,Religious_affiliation_ns_P,tot_p
1001,128,1189,0,101,25,3161,107,87,19,6,53,14,7,72,314,31,14,795,180,0,171,87,7,0,63,22,4005,25,12,888,11583
1002,110,1262,0,78,0,3251,77,48,12,8,37,10,10,35,274,18,8,901,194,0,87,51,3,0,46,9,4229,31,23,1131,11943
1003,186,2344,0,221,118,6043,263,80,46,12,117,3,46,138,591,64,12,1493,364,12,108,65,3,4,33,64,8316,76,18,2055,22895
1004,203,2478,0,179,36,5122,215,81,91,35,128,0,35,210,655,103,38,1385,496,6,149,122,0,3,57,77,9545,70,26,2412,23957
1005,23,749,0,50,0,1609,65,9,13,0,54,3,8,29,133,9,7,534,154,0,21,12,0,0,0,11,2876,9,14,682,7074
1006,18,768,0,59,3,1769,98,18,13,4,41,0,13,45,227,66,6,554,151,0,14,11,0,0,3,9,2541,19,0,568,7018
1007,14,419,0,48,0,996,23,11,4,0,30,3,0,40,138,31,0,305,103,0,0,0,0,4,0,12,1446,9,0,349,3985
1008,63,1803,0,156,3,3345,100,27,19,32,68,0,31,65,535,60,20,1096,212,0,36,54,0,0,17,24,5344,27,12,1350,14499
1009,34,764,0,43,0,1582,6,49,12,9,12,0,3,17,148,12,6,292,99,3,6,4,3,0,0,16,2124,8,0,601,5853
1010,42,929,0,56,0,1510,32,31,15,17,42,0,26,35,267,28,29,631,188,0,6,4,3,0,0,34,2813,25,18,941,7722
1011,164,1008,0,43,0,1600,3,84,14,0,30,3,12,17,216,3,3,327,102,0,28,18,9,0,10,72,3949,17,28,1109,8869
1012,22,687,0,54,0,1716,16,21,0,0,14,0,12,19,142,3,25,223,110,4,0,6,3,0,0,13,1841,6,6,664,5607
1013,33,634,3,26,0,509,9,9,3,3,8,0,13,8,110,21,0,296,51,8,0,0,3,0,0,18,1092,10,0,401,3268
1014,17,661,0,0,3,852,23,8,0,3,3,3,11,31,195,6,8,313,46,0,0,3,0,0,0,12,1330,11,0,815,4354
1015,26,556,0,38,0,905,19,23,34,0,15,0,18,28,171,3,7,222,73,0,5,0,3,0,0,14,1811,9,7,468,4455
1016,38,1532,0,63,0,1511,57,35,35,4,23,0,19,35,280,77,15,607,86,0,15,8,0,3,12,24,2648,9,7,716,7859
1017,23,961,0,42,0,912,12,3,29,7,28,0,3,60,208,9,3,440,76,0,3,6,0,0,0,29,1847,10,11,515,5237
1018,238,1663,0,258,15,2986,6,44,28,23,32,10,20,74,281,18,55,763,328,0,98,54,12,0,24,54,5475,47,19,1686,14311
1019,125,1627,0,197,0,2219,8,27,42,37,36,0,9,119,266,54,21,734,217,3,13,23,0,0,16,32,4709,22,11,1356,11923
1020,135,1787,0,282,35,3394,29,23,3,13,47,24,24,177,326,18,20,1149,302,0,74,89,0,7,33,28,4248,24,12,1110,13413
1021,133,1108,0,170,0,1895,3,25,9,24,22,10,13,107,160,3,9,548,219,11,96,55,0,0,10,23,3633,42,13,875,9216
1022,182,2730,0,477,46,3848,43,69,108,35,34,7,31,199,427,42,33,1364,432,3,85,119,6,7,56,29,7029,45,9,2058,19553
1023,9,732,0,118,22,1119,8,18,3,0,22,0,10,43,107,10,0,421,122,0,8,9,3,0,0,10,1849,10,0,381,5034
1024,62,1062,0,212,3,2494,11,24,23,8,41,5,0,139,141,11,17,666,208,0,18,26,0,0,5,3,2783,22,3,561,8548
1025,92,1424,0,264,6,2870,3,19,19,10,40,12,12,94,239,30,29,759,241,0,67,55,3,0,17,28,4343,22,7,1034,11739
1026,36,840,0,190,0,1454,14,28,3,4,25,0,20,50,184,3,0,593,194,0,12,0,0,0,0,7,2767,0,6,704,7134
1027,130,1097,0,77,74,1103,64,23,0,3,27,0,7,53,209,36,3,571,173,12,22,4,14,0,18,52,4684,39,42,1920,10457
1028,93,1035,0,108,3,1173,38,50,0,0,18,0,16,24,204,27,0,462,167,7,7,4,0,0,0,31,3846,24,26,976,8339
1029,32,706,0,64,0,1055,3,33,3,0,28,7,22,23,141,7,0,243,79,0,3,0,0,0,3,12,1456,12,0,524,4456
1030,72,1185,0,175,111,2267,13,68,10,11,33,0,28,21,234,0,7,457,156,3,18,18,3,0,10,19,3604,33,18,990,9564
1031,35,848,0,58,0,1502,3,29,0,7,16,0,13,13,132,9,0,225,112,7,10,3,10,0,0,30,2915,18,8,814,6817
1032,24,771,0,49,0,1055,0,9,0,0,12,0,0,27,140,6,3,305,100,0,3,0,0,0,0,0,1397,7,0,417,4325
1033,40,1227,0,185,0,1165,49,28,3,9,14,0,7,49,312,9,9,697,138,15,14,9,0,0,0,27,2010,12,5,1000,7033
1034,18,750,0,139,0,1651,14,48,0,3,85,0,14,68,301,12,15,293,202,3,3,29,0,0,3,10,2220,3,0,494,6378
1035,34,860,0,114,0,1379,17,32,15,3,35,0,0,32,332,12,26,421,183,0,0,0,0,0,3,20,2615,23,15,619,6790
1036,16,871,0,75,0,1030,6,17,4,0,44,0,3,18,183,5,16,477,98,0,9,0,3,0,0,16,2220,6,0,551,5668
1037,196,1476,0,270,0,3040,20,145,18,0,103,13,39,78,408,41,0,953,307,10,184,129,7,0,61,42,5078,57,29,1248,13952
1038,421,2468,0,705,67,5982,23,663,107,71,155,18,69,90,758,69,71,643,783,15,90,1079,11,6,99,86,8689,42,29,2816,26125
1039,138,1196,0,141,0,3308,17,242,26,3,49,3,23,61,336,11,11,523,268,12,210,113,6,0,53,16,4415,35,19,1366,12601
1040,141,1603,0,257,14,5829,8,464,47,27,154,6,24,100,579,34,0,910,518,12,198,201,9,0,57,47,6298,73,18,1713,19341
1041,233,2568,0,594,0,5220,49,161,68,3,304,7,50,253,713,84,38,1498,665,10,205,148,0,0,90,63,8068,53,23,2014,23182
1042,208,2473,0,524,80,5604,28,224,13,24,217,12,45,173,554,18,14,1533,592,10,256,326,0,0,104,57,7107,40,19,1760,22015
1043,164,1984,0,324,0,4600,5,257,55,51,132,0,45,93,454,19,24,748,430,12,67,83,3,0,31,25,5843,46,14,2391,17900
1044,77,1650,0,298,0,3178,14,109,44,8,74,0,13,127,352,51,3,813,312,4,59,17,0,0,21,21,4327,40,12,1103,12727
1045,138,1700,0,220,3,3531,13,121,64,33,103,0,40,80,540,42,8,811,336,6,96,50,3,0,33,22,5047,19,6,1408,14473
1046,98,1161,0,85,0,3119,7,144,9,0,87,0,16,33,255,3,0,595,176,6,93,53,4,0,21,9,3166,39,6,968,10153
1047,166,927,0,185,10,5188,27,746,44,13,122,0,35,65,438,6,27,387,583,23,128,220,0,0,77,39,3702,31,20,1399,14608
1048,82,1849,0,306,0,3113,21,96,35,6,77,0,12,65,385,31,11,906,386,7,10,8,0,0,0,29,4652,24,17,1110,13238
1049,32,560,0,78,0,819,3,28,11,0,24,0,6,0,135,3,0,315,50,0,13,6,6,0,7,13,2253,7,6,586,4961
1050,184,2914,0,391,0,5421,47,100,45,6,120,0,18,119,500,41,9,1228,472,3,48,30,0,0,20,29,9489,42,45,1954,23275
1051,53,1092,0,138,0,1834,18,158,7,0,32,0,17,15,258,9,6,445,137,7,0,0,4,0,0,13,2280,9,16,793,7341
1052,28,705,0,52,0,861,0,13,0,0,8,0,0,36,129,0,4,370,62,0,4,0,0,0,0,0,1407,6,6,417,4108
1053,120,1899,0,326,0,4314,13,123,70,9,113,3,23,70,321,34,3,866,349,11,21,25,10,0,6,17,7913,49,28,1514,18250
1054,35,1099,0,109,0,963,3,6,19,4,20,0,6,34,230,3,36,373,134,0,3,3,0,0,0,10,2383,22,12,747,6254
1055,54,926,0,86,0,1365,0,17,0,31,20,0,0,28,252,19,8,555,137,6,6,8,0,0,0,26,2044,18,6,624,6236
1056,98,1928,0,91,0,4174,3,116,3,19,26,0,22,22,422,64,12,526,208,0,29,54,0,0,36,54,4558,31,3,1236,13735
1057,63,1411,0,43,0,1889,3,26,0,9,27,0,13,41,262,7,25,496,180,0,3,16,8,0,13,13,3176,20,13,999,8756
1058,34,704,0,26,0,1020,3,27,3,6,9,0,0,0,204,3,6,191,50,7,7,0,0,0,10,0,1206,3,0,416,3935
1059,66,928,0,27,0,1638,6,26,19,15,10,5,18,32,257,17,8,260,75,0,10,20,0,0,15,17,1998,10,3,809,6289
1060,14,699,0,29,0,1125,0,20,0,10,22,0,10,16,137,6,5,209,52,8,0,6,4,0,0,37,1437,17,4,555,4422
1061,3,17,0,0,0,23,0,0,0,0,0,0,0,0,3,0,0,3,8,0,0,0,0,0,0,0,90,0,0,28,175
1062,36,568,0,52,0,667,0,14,5,0,6,0,9,0,169,0,3,138,64,3,0,0,3,0,0,12,1327,9,3,409,3497
1063,55,1586,0,117,0,2317,0,25,46,21,45,0,20,53,527,66,15,764,191,3,35,23,0,0,12,3,3209,30,9,1025,10197
1064,14,558,0,65,0,629,0,10,15,0,12,0,21,48,160,8,18,267,106,3,0,0,3,0,0,8,1133,6,0,470,3554
1065,24,865,0,22,3,1039,3,0,15,0,53,0,0,9,132,3,3,247,75,0,8,4,0,0,0,3,1027,7,4,275,3821
1066,116,2796,0,157,82,5318,12,55,76,25,121,7,118,99,573,46,16,958,316,0,68,45,3,0,19,10,5449,27,6,1964,18482
1067,49,1569,0,72,0,2330,6,18,42,7,35,0,68,57,372,9,21,630,208,7,6,0,3,0,0,17,2989,12,8,994,9529
1068,48,604,0,29,0,830,0,0,3,4,27,0,22,8,72,13,5,257,93,6,6,5,0,0,0,9,1835,14,10,636,4536
1069,55,1007,0,77,0,1250,46,42,19,6,40,0,19,64,166,4,12,532,177,6,9,8,11,0,0,33,3303,23,13,1155,8077
1070,14,657,0,46,0,600,0,3,10,0,42,0,9,10,126,9,9,169,95,0,0,0,0,0,0,6,953,6,0,297,3061
1071,26,584,0,8,0,1656,7,18,52,3,10,0,8,9,104,6,3,240,111,3,17,3,0,0,0,13,1224,3,3,509,4620
1072,19,1340,0,121,0,1092,0,0,34,0,35,0,3,40,211,0,6,439,165,0,3,7,0,0,0,6,1706,6,9,628,5870
1073,105,2435,0,279,0,3790,6,67,65,13,291,0,55,144,441,43,20,682,327,6,65,32,3,0,41,28,4709,29,13,1140,14829
1074,175,3711,0,398,12,5936,24,76,123,36,369,13,57,324,568,60,28,1067,692,11,299,92,0,3,69,74,7561,57,16,2337,24188
1075,26,878,0,97,0,851,0,0,15,4,42,0,46,39,120,6,3,364,140,0,0,0,0,0,0,14,1511,10,3,321,4490
1076,59,2481,0,282,7,3276,39,83,64,23,37,0,78,108,836,80,36,642,589,6,22,12,3,0,6,52,5606,52,18,1587,16084
1077,36,1043,0,64,0,1021,0,7,53,8,7,0,46,29,241,6,30,288,128,6,0,0,0,0,0,28,2242,6,6,634,5929
1078,19,1218,0,39,0,1616,3,17,16,12,12,7,23,31,284,16,6,434,237,0,6,18,0,0,5,21,2687,6,10,807,7550
1079,155,2776,0,269,105,3764,64,84,68,32,63,0,231,125,658,106,45,1091,565,6,61,48,0,0,33,38,6450,30,20,1697,18584
1081,75,2530,0,200,136,2791,12,6,56,14,31,6,13,171,398,74,41,729,285,3,61,16,0,0,9,30,5040,23,3,1805,14558
1082,61,1290,0,92,0,1308,0,23,47,6,22,0,7,48,222,14,26,504,169,0,3,3,3,0,0,25,2912,6,4,835,7630
1084,43,1651,0,150,0,1872,3,59,103,0,36,3,6,123,383,8,9,467,154,0,6,0,6,0,4,10,3514,18,9,1212,9849
1085,39,1140,0,36,0,844,3,0,36,0,12,0,0,34,264,15,18,310,126,3,3,0,0,0,0,21,2665,23,9,763,6364
1086,48,1197,0,98,0,890,7,12,10,0,39,0,10,39,263,8,12,379,178,20,7,3,0,0,9,19,2323,28,6,653,6258
1087,47,1287,0,53,5,1450,7,17,26,3,26,3,3,19,254,7,3,554,176,0,9,3,5,0,3,19,3492,40,8,1127,8646
1088,0,10,0,0,0,9,0,0,0,0,0,0,0,0,0,0,0,6,3,0,0,0,0,0,0,0,65,0,0,16,109
1089,37,1491,0,101,0,1551,3,18,13,19,7,0,23,57,283,24,18,806,194,0,6,8,0,0,0,35,3417,16,0,897,9024
1090,66,1848,0,52,0,2008,7,16,48,7,24,4,9,107,395,57,35,758,218,3,20,6,0,0,6,24,4114,9,8,1151,11000
1091,130,1567,0,226,0,1765,9,105,9,9,43,0,16,27,271,7,11,430,237,11,25,9,8,0,27,32,4276,36,24,1033,10343
1093,187,3425,0,411,0,4449,13,81,80,12,49,10,25,126,633,104,10,1028,400,9,54,25,14,0,6,48,8505,54,52,2294,22104
1094,74,1587,0,97,0,2205,9,32,60,27,46,0,9,76,363,45,17,484,311,0,13,65,0,0,0,25,4496,26,8,1244,11319
1095,134,2551,0,152,102,3760,6,179,199,70,45,0,28,183,589,67,37,404,346,10,13,43,0,0,6,58,5671,50,31,1693,16427
1096,115,1896,0,91,0,3368,9,144,32,14,43,0,31,138,521,64,29,284,305,3,36,110,0,10,17,25,4744,38,15,1635,13717
1097,191,3840,0,257,3,6537,10,310,49,43,105,16,42,271,825,33,11,1068,498,11,172,96,3,0,23,31,9102,83,23,2805,26458
1098,20,781,0,66,0,936,0,13,11,7,7,0,3,13,141,10,4,216,77,13,0,10,0,0,4,26,1720,13,11,386,4488
1100,20,894,0,53,0,788,0,36,3,4,14,0,14,26,147,3,3,200,95,0,3,4,0,0,0,3,1342,9,0,565,4226
1101,54,2804,0,154,0,2945,0,3,38,3,48,0,11,25,328,3,29,944,247,0,14,3,0,0,6,35,4694,33,15,1347,13783
1102,18,817,0,27,0,739,6,6,3,0,0,3,8,38,107,3,17,192,98,0,0,0,3,0,0,4,1333,13,3,1210,4648
1103,143,2645,0,257,52,3199,9,48,37,24,27,16,24,41,413,36,12,616,274,6,98,74,7,0,49,23,4852,31,16,1524,14553
1104,40,1037,0,33,3,842,3,9,13,13,19,0,3,27,236,0,9,416,92,4,3,3,0,0,0,10,1825,30,14,571,5255
1105,534,724,23,88,0,4292,0,1534,10,4,33,43,40,65,120,14,3,251,237,4,458,926,71,0,16,87,12751,183,56,2586,25153
1106,260,309,14,20,0,2145,0,518,4,0,9,17,3,17,30,0,0,103,137,0,178,224,27,0,11,47,5634,65,25,1087,10884
1107,290,551,0,53,0,3048,0,973,9,9,19,7,36,54,94,0,3,184,158,4,368,648,23,3,26,62,5614,99,19,1309,13663
1108,470,766,14,118,5,6975,5,2227,56,3,33,19,19,68,107,29,7,241,342,6,690,1817,13,0,25,84,9593,170,30,2060,25992
1109,150,424,3,59,0,3550,3,1185,24,12,9,18,8,37,77,4,0,213,140,0,91,249,3,0,19,29,2639,31,9,913,9899
1110,170,447,0,39,0,1906,0,696,9,6,13,3,7,8,47,7,3,173,120,6,109,38,30,0,3,28,4069,48,30,833,8848
1111,442,915,0,70,0,4142,13,2350,13,13,68,15,21,45,150,9,0,320,296,6,158,269,52,0,19,69,12430,161,28,2474,24548
1112,382,577,3,77,0,3756,6,2060,3,15,23,11,46,42,92,25,6,220,282,4,435,380,29,0,62,60,7861,100,29,1755,18341
1113,430,717,5,102,0,4302,5,575,35,6,28,113,35,54,136,0,3,281,241,0,172,736,3,0,23,41,5082,42,9,1476,14652
1114,423,1708,14,232,0,10883,23,1313,45,0,58,66,63,104,293,10,3,747,391,0,985,450,15,0,97,39,6820,61,18,2482,27343
1115,522,348,0,76,0,1783,0,191,6,8,26,122,37,44,84,4,6,129,191,0,263,1143,10,0,29,25,3642,43,9,1314,10055
1116,262,786,3,92,0,5061,0,708,25,0,25,18,29,63,145,3,3,284,183,0,314,165,3,0,3,37,4524,51,17,1283,14087
1117,1425,431,0,118,0,2070,6,213,9,3,10,56,82,182,188,0,20,181,406,3,456,1363,50,3,15,41,9023,79,17,2465,18915
1118,526,409,3,86,0,1387,3,190,6,7,30,29,25,72,126,3,3,159,212,3,1224,401,11,0,45,67,4160,25,0,1710,10922
1119,94,478,0,32,0,909,5,80,0,0,12,0,11,19,87,3,0,127,56,0,33,25,26,0,0,3,2116,24,3,729,4872
1121,462,464,0,48,0,2094,3,151,7,0,45,49,22,72,90,14,5,155,174,0,115,394,6,0,17,13,5092,43,7,1118,10660
1122,4341,641,3,290,0,3590,32,172,13,13,32,10,195,357,383,6,6,385,814,6,2092,1053,59,0,61,110,16835,60,24,5529,37112
1123,1068,617,0,111,0,2565,0,284,9,6,29,65,51,116,160,0,4,242,366,12,502,1249,48,0,12,74,9502,142,10,3238,20482
1124,235,386,9,54,0,1138,0,85,0,0,17,7,31,34,82,3,0,137,90,3,142,243,20,0,3,22,3332,68,6,1142,7289
1125,142,732,0,19,0,907,0,88,0,0,17,0,7,24,67,0,4,145,77,0,119,68,140,0,0,3,2496,28,3,953,6039
1126,1056,658,0,117,0,2845,0,271,9,13,42,9,84,174,193,3,3,230,378,0,802,469,70,0,66,61,7807,63,15,3122,18560
1128,332,1425,0,67,0,2911,11,1050,24,6,26,21,26,52,239,3,3,297,220,0,352,128,151,0,0,28,6025,32,16,1833,15278
1129,177,1048,0,62,0,2607,0,380,13,10,56,17,26,39,141,0,4,179,178,0,135,56,467,0,14,34,7347,96,51,1996,15133
1130,230,1503,3,78,0,3512,0,1101,11,0,68,28,30,57,218,0,0,341,235,10,70,235,141,0,10,25,6183,51,33,1925,16098
1132,309,906,0,89,0,1959,0,473,12,0,25,0,40,73,158,3,0,258,207,9,172,245,205,3,7,31,4667,51,25,1572,11499
1133,474,1426,0,105,0,4303,0,548,17,6,47,3,87,81,228,9,9,261,335,3,689,267,670,0,20,108,11454,125,73,4544,25892
1134,289,712,0,66,0,2471,3,437,17,7,20,3,23,34,98,0,7,141,153,9,555,89,1880,0,30,49,6916,80,44,2143,16276
1135,174,1283,0,34,0,1689,0,322,10,5,22,4,24,17,141,0,0,237,100,3,299,45,512,0,6,25,2989,36,21,927,8925
1136,373,1443,0,68,0,3139,14,1262,14,0,51,17,53,52,183,3,0,256,191,6,258,216,512,0,11,45,8630,75,42,2607,19521
1137,707,1599,0,73,0,3352,0,583,10,3,55,9,69,119,260,0,3,346,327,0,433,368,437,0,23,41,8808,87,35,2883,20630
1138,289,1948,0,53,0,2326,7,373,8,0,30,18,29,61,211,0,3,319,144,6,217,63,1210,0,16,15,4034,42,6,1503,12931
1139,493,372,0,38,6,1210,7,262,3,4,9,0,23,39,45,5,3,103,99,10,110,104,46,0,10,29,4020,54,28,998,8130
1140,150,428,0,10,0,1559,0,209,3,3,19,7,11,6,82,0,0,127,94,0,28,130,67,0,7,10,4401,54,17,882,8304
1141,435,301,0,46,0,1099,0,227,6,0,19,39,12,40,37,7,4,71,147,8,30,494,36,0,0,30,3989,59,10,1300,8446
1142,432,371,0,61,0,1350,3,260,8,4,10,26,9,19,40,0,3,100,127,0,41,571,66,0,0,20,5038,54,6,1752,10371
1143,228,583,0,55,0,2040,3,406,0,5,16,13,6,11,67,0,0,126,132,3,35,187,72,0,0,39,6712,70,35,1414,12258
1144,1614,1789,0,170,0,5606,15,1432,6,6,63,50,61,95,283,27,0,439,418,15,236,425,130,0,17,57,13648,179,41,3460,30282
1145,137,496,0,32,0,1354,3,332,6,3,27,3,10,35,59,7,4,140,137,0,37,65,54,0,7,37,4804,73,28,1086,8976
1146,203,778,0,115,0,1876,11,257,8,12,7,26,17,27,160,6,6,306,128,0,128,93,48,0,12,14,2907,16,0,542,7703
1147,809,1542,0,357,0,3150,19,638,3,10,65,28,79,133,278,27,11,582,330,6,454,122,39,0,33,41,5665,26,18,1294,15759
1148,1074,1520,0,365,0,4428,12,1748,0,11,28,59,119,211,251,9,10,622,443,3,522,251,103,0,67,79,6586,27,6,1601,20155
1149,456,2317,0,276,0,4788,30,880,12,25,61,16,42,126,391,15,6,812,362,6,504,148,135,4,39,39,7820,63,18,1808,21199
1150,385,1868,3,248,3,3587,24,804,28,8,62,15,23,22,292,6,10,678,219,12,278,77,292,0,17,24,5980,37,20,1183,16205
1151,716,2043,0,239,0,4358,3,510,6,9,103,23,62,125,350,0,6,628,338,7,945,624,208,0,37,37,8942,95,34,2450,22898
1152,415,1352,0,138,0,2890,4,463,21,0,39,22,40,81,248,13,5,434,206,3,534,251,294,0,38,51,6015,82,7,1468,15114
1153,757,2156,3,287,0,6197,26,1099,3,7,71,34,35,93,276,6,3,727,410,0,388,127,171,0,57,87,9026,83,27,2408,24564
1154,147,509,0,68,0,1823,0,470,3,0,6,24,24,14,95,0,0,162,96,0,95,38,57,0,10,31,2189,28,4,552,6445
1155,405,2128,0,346,5,3199,11,442,12,3,66,17,53,64,363,40,3,750,336,11,237,59,75,0,29,15,6217,36,24,1302,16248
1156,474,462,6,134,0,3802,3,1360,3,13,26,65,21,79,124,0,3,200,276,10,137,176,6,0,15,60,2686,3,15,859,11018
1157,1202,1226,0,386,0,3643,68,2131,20,30,37,87,112,191,369,28,17,553,519,10,287,513,87,0,111,136,7024,17,3,1584,20391
1159,538,1260,0,347,0,3971,37,1659,0,0,36,200,97,139,302,10,0,421,400,8,303,546,58,4,134,116,4627,25,8,1261,16507
1160,502,995,0,238,4,3435,36,1618,9,8,46,85,94,130,216,6,6,389,341,0,167,247,54,0,18,54,3613,33,6,1167,13517
1161,680,1963,0,653,0,4040,103,619,10,24,137,12,96,198,414,70,51,928,689,30,540,233,13,0,223,75,7826,59,37,1649,21372
1162,498,911,0,315,3,2118,52,538,15,21,57,10,85,93,205,113,29,432,326,13,170,92,17,0,48,33,3614,20,10,921,10759
1163,1237,1151,0,385,0,3117,28,408,0,30,85,3,102,120,283,104,13,552,536,3,604,261,24,0,64,70,8617,52,20,1833,19702
1164,920,1413,0,454,0,3309,53,648,12,5,72,16,121,158,342,33,12,618,454,4,325,187,24,0,62,66,6945,46,22,1156,17477
1165,848,758,0,229,3,2089,9,586,14,15,39,3,60,84,196,12,12,370,260,6,492,265,50,3,50,45,4682,20,6,963,12169
1166,759,574,0,246,0,1834,11,1067,14,11,21,12,24,85,204,19,3,353,221,3,381,131,3,0,64,36,3331,8,3,750,10168
1167,280,1049,0,234,0,2064,16,263,11,6,51,0,46,61,251,13,0,448,214,9,174,36,13,0,35,10,3767,36,6,771,9864
1168,118,2241,0,109,0,3081,3,454,11,22,49,14,28,38,272,5,3,562,223,12,32,43,51,0,0,36,4821,16,23,1158,13425
1169,362,3802,0,134,0,5097,10,798,13,0,86,17,32,32,409,7,10,661,242,9,71,70,743,0,0,24,7652,45,36,2221,22583
1170,240,2002,0,57,0,3562,4,769,9,0,35,10,39,19,279,0,3,495,173,0,157,73,1332,0,22,27,5017,27,10,1416,15777
1171,119,1203,0,87,3,2474,16,519,0,0,49,6,20,57,224,3,6,308,140,3,127,102,104,0,24,34,4297,12,20,915,10872
1172,179,2235,0,66,0,4238,0,692,21,3,50,31,14,37,322,6,3,580,229,3,105,95,272,0,43,19,6619,40,15,1628,17545
1173,151,2465,4,110,0,3578,7,531,9,0,77,17,56,39,338,0,3,643,199,8,48,57,103,0,8,15,6365,40,20,1464,16355
1174,439,1797,0,179,0,4821,12,1413,18,13,60,34,35,43,320,9,0,676,376,13,522,119,1608,0,38,67,7787,51,37,1821,22308
1176,575,1053,0,127,0,2977,11,920,50,6,30,14,25,75,217,4,3,405,235,9,1539,198,1141,0,51,49,6680,50,19,1494,17957
1177,309,799,0,47,0,2036,0,444,22,3,10,0,17,27,96,0,5,127,119,0,429,104,8619,0,13,28,5179,54,21,2255,20763
1178,236,761,0,48,3,1931,13,804,15,3,24,16,11,26,105,0,8,228,173,9,267,76,6272,0,34,36,4410,21,24,1775,17329
1179,194,782,0,37,0,2039,0,384,0,0,31,6,9,28,107,0,0,173,111,0,185,36,1906,0,7,20,4061,40,20,1085,11261
1180,199,431,0,83,0,1539,3,1103,13,3,27,24,8,32,80,3,9,163,108,4,498,63,63,0,33,24,2348,26,10,653,7550
1181,273,574,0,63,0,2028,0,719,9,0,29,38,15,17,118,3,3,218,179,7,529,95,286,0,34,20,3192,30,21,708,9208
1182,348,688,0,84,0,2185,0,630,25,3,34,26,36,46,125,0,0,242,191,7,1543,152,1231,0,86,45,4427,23,19,1138,13334
1183,468,788,0,105,0,2569,15,510,17,20,18,19,12,96,144,6,14,207,181,7,295,149,50,0,19,30,2560,3,8,629,8939
1185,223,1432,0,71,0,2949,17,419,16,4,38,54,24,51,252,6,9,392,255,4,88,71,21,0,6,17,3967,15,26,1069,11496
1186,198,1598,0,149,0,3592,15,460,32,25,38,34,19,47,309,3,12,347,275,6,97,54,64,0,41,36,5180,23,38,1465,14157
1187,104,628,0,60,0,1509,0,166,14,19,9,4,4,22,100,6,3,139,111,0,80,63,0,0,15,6,1768,10,4,402,5246
1188,414,2072,0,189,0,5300,60,1613,47,28,44,17,39,105,449,10,6,603,412,7,444,317,362,0,104,51,7386,73,20,1911,22083
1189,128,1325,0,79,5,3728,3,361,6,14,42,10,22,49,317,15,13,346,222,3,93,47,35,0,3,24,4636,9,23,1132,12690
1190,217,1272,0,124,0,3237,6,735,26,18,16,13,13,82,222,0,6,359,212,8,158,125,118,0,43,30,4701,24,15,1067,12847
1191,194,688,0,63,0,2059,7,544,31,9,38,32,32,77,115,3,13,204,223,6,210,101,292,0,53,47,2813,7,16,814,8691
1193,249,2144,0,153,0,5336,51,835,62,24,75,29,37,90,333,14,0,564,334,7,174,109,124,0,39,50,7197,42,16,1653,19741
1194,329,2829,0,100,0,4102,9,877,10,9,33,24,22,63,361,3,3,679,217,0,783,154,848,0,48,42,6455,53,3,1931,19987
1195,635,2187,0,162,0,4738,10,1624,36,6,62,15,51,71,327,6,15,591,273,6,433,193,547,0,47,46,7353,63,30,1705,21232
1196,326,733,0,114,0,2968,0,753,0,5,22,22,14,81,192,35,3,241,257,0,199,216,3,0,30,37,2841,15,5,734,9846
1197,223,2045,0,298,60,5852,26,714,20,28,83,29,70,179,392,32,3,623,458,9,143,128,8,0,47,57,7192,55,22,1437,20233
1198,245,1304,0,170,0,4264,10,513,23,18,80,21,41,75,269,18,4,456,281,3,266,231,3,0,32,30,5003,21,25,1264,14670
1199,309,960,0,195,0,2858,9,538,25,25,12,35,18,72,159,21,11,286,258,3,302,1510,6,0,57,48,4482,37,24,1804,14064
1200,227,834,0,78,0,3021,6,682,3,10,36,24,12,57,109,3,0,292,206,0,240,121,9,0,20,46,4373,37,12,883,11341
1201,118,742,0,41,0,2349,7,497,0,0,36,15,3,36,92,7,0,264,150,3,88,53,19,0,6,14,2514,12,3,588,7657
1202,165,1689,0,196,25,4181,41,396,17,11,77,6,23,162,305,24,7,517,254,8,49,88,9,0,16,26,6385,43,34,1225,15979
1203,343,1672,0,216,27,4896,17,805,31,9,91,56,36,163,343,59,20,509,389,6,254,248,10,0,51,72,6333,45,10,1461,18172
1204,140,873,0,76,0,2803,0,427,21,4,23,4,23,74,152,16,9,232,173,3,99,60,5,0,19,33,3068,26,0,634,8997
1205,614,482,0,86,0,2797,3,703,16,0,10,22,40,74,143,10,9,184,310,0,456,649,0,3,82,21,3439,23,7,1063,11246
1207,965,1085,3,168,0,6919,27,2527,92,13,40,62,49,118,277,36,12,322,641,16,1149,1689,3,16,476,72,6877,67,45,3078,26844
1208,576,770,53,80,7,8535,16,1949,48,12,18,33,43,58,175,17,10,184,464,11,989,1806,8,0,389,45,5395,39,23,2146,23899
1209,186,2386,0,409,120,5456,10,592,28,12,96,28,52,119,400,31,0,678,506,7,71,82,13,0,21,43,9534,72,58,1722,22732
1210,32,408,0,41,0,615,8,27,7,5,14,0,8,8,48,0,0,118,73,0,0,3,0,0,0,18,1675,35,6,275,3424
1211,15,445,0,51,0,674,3,52,4,0,12,0,3,22,98,0,17,115,78,0,4,0,0,0,11,31,1702,11,3,466,3817
1212,53,635,0,21,0,788,0,60,7,0,13,0,0,7,98,9,5,183,129,5,7,0,0,0,0,20,2439,14,29,580,5102
1213,92,807,0,120,76,3109,0,538,16,5,41,29,24,40,160,15,18,264,216,10,55,104,3,0,30,30,2843,3,5,656,9309
1214,35,705,0,132,18,1195,6,86,3,3,35,0,19,46,144,0,10,233,173,11,13,13,17,0,0,15,3114,18,19,603,6666
1215,99,1579,0,163,150,3524,0,317,10,5,64,0,40,68,246,39,7,460,289,3,54,40,6,0,25,33,5347,40,9,992,13609
1216,349,325,4,54,0,1915,11,904,7,6,15,39,17,77,110,7,3,95,283,5,280,550,0,0,84,21,1715,0,3,552,7431
1217,213,343,0,40,0,1746,6,699,4,0,3,10,24,97,42,0,0,97,221,3,191,285,0,0,44,23,1564,9,0,532,6196
1219,1203,581,63,97,0,5514,6,3423,44,11,18,148,27,134,181,14,34,121,946,3,912,3286,0,0,851,68,2923,14,11,2063,22696
1220,423,805,4,128,0,6066,7,2469,62,33,21,143,45,161,151,4,17,215,799,3,425,873,0,0,201,69,3116,16,9,1331,17596
1221,383,576,3,90,0,3661,3,1383,23,20,8,103,10,140,170,29,7,147,437,3,360,631,6,0,100,58,2484,6,0,912,11753
1223,1344,415,18,65,0,5172,3,3091,46,27,24,64,49,133,130,3,29,117,898,3,821,2756,3,3,750,34,2585,7,12,1556,20158
1224,137,1988,8,135,0,4758,13,343,28,30,42,3,50,67,309,20,22,462,403,0,127,282,3,0,122,80,5058,21,19,1663,16193
1225,24,1018,0,67,0,2307,7,236,11,10,18,9,14,99,234,3,3,306,249,0,16,55,3,0,13,20,2582,6,16,737,8063
1226,140,459,3,44,0,3380,3,380,13,0,15,12,8,47,89,3,7,178,100,0,171,89,0,0,43,15,1649,10,3,651,7512
1228,101,720,11,65,0,3662,12,618,39,0,19,16,24,79,137,3,6,293,206,0,56,130,0,0,8,5,1542,9,3,541,8305
1229,868,1253,9,192,3,12034,17,2174,57,5,44,184,55,180,302,13,18,473,526,8,328,503,6,0,144,48,4536,14,7,2021,26022
1230,96,429,0,60,0,3264,3,341,10,0,14,6,10,33,84,0,0,169,100,3,97,61,0,0,12,11,1587,9,7,487,6893
1231,137,780,5,64,0,3766,6,473,3,12,23,11,18,45,130,11,3,307,139,5,73,260,4,0,12,0,2407,10,3,646,9353
1232,73,1669,0,78,0,3674,36,103,32,26,39,0,21,68,305,0,24,645,252,3,14,37,10,0,10,10,4490,44,7,1075,12745
1233,22,463,0,20,0,726,0,12,3,0,20,0,10,9,67,0,0,161,72,0,0,0,0,0,0,3,1439,10,14,325,3376
1234,23,578,0,14,0,977,15,37,5,0,34,0,0,19,92,3,5,195,61,0,0,3,0,0,0,4,1567,22,6,335,3995
1235,54,1418,0,59,0,2597,12,65,10,18,25,0,13,94,214,17,3,460,154,0,0,10,0,0,3,15,3040,15,24,930,9250
1236,189,297,3,32,0,2092,0,502,39,0,19,15,12,18,50,13,3,103,98,3,135,555,3,0,26,12,2441,27,7,897,7591
1237,208,262,27,22,0,4626,3,810,7,10,25,21,36,29,81,7,0,48,152,0,272,4402,0,0,69,22,1374,24,0,1059,13596
1239,499,1196,12,163,0,7756,22,1289,55,21,53,46,48,106,253,15,6,444,345,6,778,1664,3,0,168,49,6037,62,16,2188,23300
1240,79,1430,0,140,54,4186,28,158,36,33,58,11,10,87,253,6,12,513,294,0,57,141,3,0,40,15,3838,44,15,1062,12603
1241,248,3293,11,241,99,8037,43,401,84,122,125,16,39,184,503,47,19,981,559,16,126,116,6,3,81,70,8823,48,17,2185,26543
1242,311,493,183,50,8,2539,0,300,34,64,7,49,46,52,116,10,13,119,314,3,479,4124,0,0,218,47,1832,3,3,1776,13193
1243,242,429,282,45,0,3792,11,576,3,55,10,65,31,50,103,3,0,97,295,6,256,6625,0,0,125,34,1391,13,3,1505,16047
1245,401,1245,82,84,3,6684,0,1079,60,66,45,118,76,201,265,34,17,381,494,4,151,1015,6,0,18,25,3532,15,10,1379,17490
1246,371,669,138,49,0,7598,3,970,36,40,7,182,39,129,137,3,9,279,356,0,246,1836,5,0,33,27,1993,4,3,1106,16268
1247,341,316,393,11,0,3257,3,362,36,50,3,54,62,35,103,3,14,105,321,13,163,6132,0,6,62,48,1438,15,3,1469,14818
1248,3,14,0,0,0,35,0,0,0,3,3,0,0,0,0,0,0,3,3,0,0,0,0,0,0,0,30,0,0,86,180
1249,727,398,410,83,0,7886,18,520,53,49,9,153,66,150,69,26,28,156,637,3,423,6180,0,0,194,26,1741,12,12,1776,21805
1250,115,408,52,33,0,2363,0,455,10,21,7,39,21,81,85,7,6,166,195,0,143,254,0,0,70,13,1243,4,3,599,6393
1251,383,1057,0,303,3,2311,43,164,20,69,87,34,58,191,217,17,22,327,406,95,342,104,3,0,98,83,4319,21,21,1133,11931
1254,856,1270,0,441,0,2952,47,348,16,31,93,49,128,411,431,24,31,505,644,33,567,200,14,3,71,52,4606,37,19,1125,15004
1255,119,661,0,78,51,1947,3,231,21,0,20,57,3,100,116,10,18,204,220,3,48,120,3,0,16,6,1975,8,8,534,6580
1256,712,1263,0,294,0,3922,53,599,20,17,45,196,100,212,269,26,11,523,436,16,458,263,12,0,87,65,4450,31,21,1062,15163
1257,367,824,0,147,26,2054,19,247,9,10,44,62,25,209,180,21,17,253,227,4,178,120,6,0,67,34,2438,7,4,420,8019
1258,473,870,0,149,0,3050,17,476,12,17,31,144,35,154,192,9,20,272,290,0,353,241,11,0,73,46,2848,24,0,662,10469
1259,706,1172,0,424,12,2734,35,429,27,65,61,39,108,222,377,36,34,558,517,9,410,124,11,0,88,58,4588,19,6,1011,13880
1260,1026,1522,3,644,0,3351,89,534,12,118,101,57,166,684,429,47,67,647,748,9,815,203,7,0,134,81,5127,17,6,1081,17725
1261,345,1448,0,491,0,3957,50,775,12,0,119,68,102,271,383,33,85,564,519,6,168,199,18,0,86,103,4858,17,15,1166,15858
1262,114,1240,0,192,3,2094,23,271,9,13,92,17,65,128,214,10,9,405,311,11,42,36,4,0,7,19,3787,16,16,817,9965
1263,270,1264,0,331,6,2483,40,185,30,41,50,3,36,117,267,26,35,335,394,19,169,56,3,0,94,32,4273,34,15,1052,11660
1265,194,1992,0,591,3,4038,52,279,30,31,342,20,60,287,427,30,54,657,734,40,71,67,5,0,27,51,6520,37,16,1248,17903
1266,529,1446,0,734,12,3154,69,260,27,24,121,8,91,314,359,93,102,633,672,119,408,199,16,0,181,83,5928,63,27,1281,16953
1267,440,1880,0,1015,7,3659,129,208,22,46,126,35,92,260,429,41,48,880,885,63,279,108,6,3,120,92,7564,53,19,1568,20077
1268,129,1036,0,275,0,2320,58,199,25,14,80,6,46,134,204,32,18,418,351,27,79,38,13,0,8,24,3214,50,13,710,9521
1269,663,799,0,277,0,2134,73,450,13,20,36,19,67,132,194,17,29,399,274,10,283,215,10,0,75,17,3507,21,15,803,10552
1270,562,1259,0,524,0,3151,113,299,12,17,106,56,56,156,333,23,59,581,558,7,368,215,11,0,143,73,6059,45,15,1246,16047
1271,624,906,0,383,3,2101,82,262,29,15,46,24,73,114,197,28,101,398,405,6,441,215,7,0,143,57,4145,29,7,980,11821
1272,452,935,0,297,0,2040,28,242,10,23,44,28,45,163,185,52,35,420,395,7,257,117,11,0,69,32,3774,26,9,742,10438
1273,598,912,0,431,0,2416,57,659,12,8,55,26,73,111,281,38,18,464,357,13,339,142,9,0,47,41,3654,19,6,798,11584
1274,118,881,0,178,0,1482,10,93,28,6,50,0,19,116,202,7,26,254,319,22,0,11,28,3,0,62,4904,38,20,968,9845
1275,73,1157,0,227,70,2300,23,102,15,34,88,6,31,186,270,32,57,334,415,54,44,44,6,0,29,28,3459,25,3,687,9799
1276,123,1703,0,87,0,2301,6,59,45,3,69,4,42,143,301,30,25,577,414,12,0,17,3,0,3,55,6081,58,28,1383,13572
1277,73,1135,0,316,8,1748,29,70,38,15,54,4,53,92,211,24,50,373,321,27,33,40,3,0,14,44,3463,57,3,808,9106
1278,134,2138,0,446,110,4129,66,108,50,20,121,5,57,240,472,37,140,739,743,15,105,20,11,3,28,38,7112,26,13,1419,18545
1279,36,634,0,41,0,1015,23,24,38,19,17,0,11,35,109,6,44,188,310,4,3,3,0,3,0,26,2452,29,6,532,5608
1280,54,765,0,123,0,1259,48,33,11,23,47,0,16,79,182,19,26,257,289,18,9,20,10,0,3,21,2717,27,3,661,6720
1281,213,2359,0,1121,71,4528,85,225,42,102,148,6,111,342,459,91,134,788,797,53,175,95,22,0,87,75,8109,51,28,1670,21987
1282,137,925,0,112,0,1263,17,55,39,20,55,0,9,72,163,3,17,270,323,21,15,9,31,0,3,68,4805,74,45,1034,9585
1283,91,1020,0,215,0,1571,68,52,14,17,49,0,62,123,299,12,59,285,525,45,6,3,0,0,3,20,4211,18,19,807,9594
1284,89,824,0,139,9,1487,17,60,43,13,34,0,6,59,114,5,12,303,299,28,31,9,10,0,3,33,4980,46,24,825,9502
1285,57,847,0,142,7,1587,29,38,62,5,17,0,24,59,154,7,54,326,332,11,10,0,0,0,0,13,3162,33,8,586,7570
1286,190,1795,0,178,0,2186,43,44,44,18,73,3,34,57,417,21,246,421,634,10,17,7,9,0,8,98,7513,52,59,1735,15912
1287,251,1576,0,329,48,3237,17,135,56,36,36,28,39,210,227,6,38,401,513,3,269,168,3,0,131,27,4359,29,10,866,13048
1288,45,1316,0,88,0,2394,11,35,6,5,16,0,26,51,247,3,23,430,170,9,0,6,0,0,0,3,2846,13,15,805,8563
1289,151,2375,0,237,0,2940,19,160,32,27,62,4,29,82,378,10,23,592,528,20,18,22,24,0,0,60,8037,47,44,1812,17733
1290,47,1229,0,74,0,1757,0,43,0,17,9,0,0,67,249,11,12,382,172,7,20,19,0,0,11,14,2475,7,10,828,7460
1291,320,1892,0,373,0,4057,19,196,57,93,47,52,63,314,382,42,77,575,742,9,234,254,6,3,179,49,6740,78,13,1685,18551
1292,558,3286,0,652,9,6012,45,312,108,147,140,68,140,424,688,47,134,841,1063,41,559,426,12,0,490,76,9662,87,16,2274,28317
1293,442,2842,4,408,82,6096,53,449,59,52,75,65,62,297,602,39,55,864,649,31,305,321,6,0,97,35,7035,43,17,1668,22753
1294,1296,2298,0,373,34,6512,62,405,48,80,47,172,101,535,423,16,132,668,1033,14,1114,925,10,0,250,96,7214,49,25,1665,25597
1295,519,539,3,144,0,2093,4,627,33,53,25,39,82,172,232,36,43,135,518,9,602,2044,0,0,178,57,1972,3,9,1098,11269
1297,594,540,0,157,6,2303,10,364,47,57,24,158,48,192,182,3,57,168,455,0,407,2142,0,0,226,30,1648,16,9,875,10718
1299,111,737,0,239,0,2258,13,308,10,39,32,21,23,146,168,9,10,261,280,13,75,381,0,0,103,8,1803,3,4,640,7695
1300,521,2036,0,157,6,4286,12,350,45,128,46,59,103,348,500,40,103,418,734,16,719,886,6,0,480,73,5801,36,20,2040,19969
1301,1412,1987,4,320,0,5881,42,311,84,196,41,171,126,666,494,38,89,459,1041,6,1846,1045,24,0,1131,65,6329,33,12,1800,25653
1302,1137,1513,0,221,3,4580,15,340,74,111,12,120,74,420,387,32,71,313,704,4,1096,1552,25,0,551,30,5020,34,20,1602,20061
1303,68,1260,0,84,0,1989,10,153,8,18,12,4,15,66,204,10,3,325,203,4,22,60,3,0,3,10,3368,8,11,861,8782
1304,666,1022,4,143,0,3133,13,251,46,136,21,58,117,234,279,20,55,298,531,6,1065,863,15,4,723,53,3964,27,12,1200,14959
1305,1863,1219,0,346,0,6215,26,659,53,270,14,87,218,477,424,9,200,412,1073,39,1174,3090,3,0,585,94,4313,40,16,2556,25475
1306,1301,653,0,94,0,3717,14,333,34,62,12,143,57,406,127,19,36,168,482,7,1435,1332,3,0,866,41,2664,15,15,1173,15209
1308,43,1202,0,81,0,1556,10,90,3,3,7,0,6,53,223,12,0,246,179,0,12,15,0,0,0,17,3138,12,10,765,7683
1309,742,448,0,75,3,3455,25,2068,37,3,27,90,23,78,139,0,23,130,233,0,441,270,194,0,147,36,2048,18,9,799,11561
1310,1177,285,0,58,0,2327,25,1451,39,48,0,58,60,126,143,3,30,120,257,6,1105,786,77,0,658,38,2612,3,14,1047,12553
1311,1360,871,0,280,7,4268,24,1100,53,71,23,121,176,409,370,23,103,310,830,6,2560,9005,6,0,1058,89,3633,55,23,3546,30380
1312,1491,1108,0,233,0,5302,24,2010,86,72,33,176,96,285,443,41,54,346,816,18,1254,2698,11,0,283,137,3420,22,18,1854,22331
1313,260,1386,0,116,0,2823,10,523,50,33,27,26,16,137,254,6,16,374,208,13,164,110,97,0,10,24,2672,14,6,775,10150
1314,4866,1132,3,210,0,6445,24,968,71,41,28,55,88,364,276,3,28,348,753,21,1149,1319,38,0,365,84,5360,15,20,1832,25906
1316,672,320,0,76,3,1996,7,740,27,10,22,69,47,112,118,7,15,133,218,9,190,525,17,0,117,35,1381,7,5,559,7437
1317,4926,400,0,283,3,3757,31,685,12,37,22,17,51,71,153,4,62,246,458,15,722,2056,13,3,1317,67,4256,13,4,1982,21666
1318,4163,356,0,85,0,2218,4,376,36,32,6,33,46,93,105,6,35,138,312,0,250,356,6,0,414,47,2359,0,9,1107,12592
1319,975,1005,4,245,3,3742,21,1254,22,17,33,81,68,110,321,4,38,491,404,16,536,430,143,0,83,79,6127,27,20,1870,18169
1320,1602,521,0,162,4,3047,29,1099,31,3,19,50,112,192,295,9,27,261,491,6,1552,1167,38,0,470,79,8798,44,9,2076,22193
1321,1831,1489,0,619,3,3019,74,683,6,30,45,149,127,392,408,27,12,879,675,19,1702,460,32,3,119,78,6600,40,31,1437,20989
1322,2220,1020,0,447,3,2743,37,647,14,10,72,80,103,230,359,10,17,645,537,6,1473,392,22,0,157,97,6379,28,0,1442,19190
1323,1088,1159,0,351,0,2567,21,940,13,4,53,19,48,119,308,3,3,755,365,21,738,186,38,0,72,70,5058,18,11,1162,15190
1324,1231,1165,0,378,0,3590,18,1213,36,6,53,60,54,161,345,0,18,654,435,13,729,303,51,0,68,71,5901,26,10,1576,18165
1325,1374,1117,0,258,6,4877,28,2037,22,20,44,191,75,212,355,26,23,436,486,12,713,601,33,0,193,69,4496,10,10,1541,19265
1326,828,938,0,158,0,4865,9,2964,42,20,55,103,68,118,236,0,12,363,424,10,889,340,165,0,128,60,6183,45,6,1979,21008
1327,1036,1628,15,371,3,4579,42,1386,13,42,61,312,98,197,400,28,23,738,608,9,774,260,37,0,145,107,5422,17,4,1316,19671
1328,516,311,0,90,0,2052,6,247,23,13,26,53,51,131,110,3,12,58,174,7,560,637,6,0,219,22,1595,20,11,889,7842
1329,2017,117,0,30,0,2832,6,427,19,50,7,35,89,128,65,0,19,74,298,0,233,742,4,0,133,25,1626,6,6,632,9620
1330,2403,775,3,420,0,8008,24,1111,111,200,39,307,191,538,188,23,42,269,929,12,1014,1722,3,0,717,46,4485,16,12,2482,26090
1331,774,195,0,59,0,2924,3,645,53,20,11,63,42,83,61,6,19,56,405,0,184,498,0,0,205,6,1269,8,0,695,8284
1332,739,496,30,114,0,4814,3,1438,46,41,37,128,35,132,74,6,21,127,573,3,153,686,0,0,182,23,2221,9,6,996,13133
1333,2032,392,0,311,0,3922,3,957,31,45,32,103,40,200,123,11,56,80,640,9,211,924,0,0,171,41,2197,3,13,1190,13737
1334,2625,408,0,226,0,5718,10,1176,80,87,65,162,102,267,103,9,45,114,839,4,651,1135,3,0,1040,34,2989,9,12,2043,19956
1335,3012,233,0,193,3,4500,11,833,62,70,18,60,94,240,87,6,16,128,610,0,499,925,0,3,836,39,2801,13,7,1795,17094
1336,1003,291,0,469,0,2214,7,451,26,18,20,29,58,114,98,15,0,147,196,3,510,619,4,0,266,48,2180,7,0,936,9729
1337,2562,201,0,333,0,3480,6,270,48,9,12,31,60,146,74,3,10,70,265,10,273,515,3,0,104,26,2197,3,0,931,11642
1338,2277,454,0,303,0,5048,3,1663,91,44,31,137,75,278,188,9,32,96,626,3,472,1548,0,0,173,21,3304,11,5,1474,18366
1339,451,531,19,144,0,4118,6,698,77,3,35,139,65,161,102,30,28,133,425,3,528,461,0,0,691,7,1889,9,3,1156,11912
1340,432,866,7,155,0,7464,3,1894,31,4,24,254,45,190,143,21,13,251,620,6,329,676,4,0,192,34,2350,13,0,1178,17199
1341,220,1135,0,113,0,3816,14,420,9,20,60,20,43,47,266,29,6,322,195,0,160,197,3,0,43,20,4244,48,25,1123,12598
1342,634,1269,0,152,0,5924,38,1288,64,25,69,52,105,171,263,21,29,347,542,18,557,914,3,0,261,42,4667,26,12,1494,18987
1343,487,585,0,152,0,3743,0,1250,40,6,44,20,51,47,172,8,15,174,351,8,195,2076,6,0,50,19,3056,14,8,1304,13881
1344,226,1189,0,128,0,4382,14,981,26,6,57,19,25,74,249,4,0,400,415,0,193,482,24,0,30,49,7054,60,13,1353,17453
1345,158,293,0,41,0,1451,9,221,26,3,51,17,27,53,59,10,9,93,132,8,253,244,0,0,38,23,1471,6,3,424,5123
1346,174,1458,0,85,0,3938,12,839,7,23,49,23,53,34,302,13,10,473,256,3,78,128,12,0,6,13,5851,31,12,1393,15276
1347,2769,502,0,417,0,3863,9,490,6,9,6,113,99,227,160,9,13,157,409,3,710,1296,6,0,91,29,4813,18,10,1845,18079
1348,1419,413,0,106,0,2416,15,474,15,21,17,69,76,82,81,7,27,163,305,3,1035,967,3,0,49,43,6165,75,34,2177,16257
1349,1156,393,0,99,0,3397,6,543,23,11,20,48,40,63,96,0,3,166,264,6,400,311,3,0,26,25,3747,35,6,1244,12131
1350,424,399,0,58,0,1610,9,474,8,8,3,48,18,40,52,3,8,133,201,0,188,241,6,0,13,18,4349,33,0,851,9195
1351,696,451,0,80,0,2347,14,454,9,7,16,56,68,55,110,7,8,149,218,4,675,556,6,0,73,31,4078,48,21,1138,11375
1352,384,807,0,89,0,3024,3,1096,13,10,32,3,32,44,122,3,17,263,279,0,140,180,3,0,13,28,6723,61,13,1340,14722
1353,136,2427,0,209,3,5715,4,219,71,24,133,0,52,122,418,13,37,854,426,3,116,43,3,8,78,48,7270,78,23,1720,20253
1355,501,852,20,177,0,8126,19,1511,143,26,44,270,65,306,137,13,81,196,737,0,594,890,0,0,619,26,3155,11,3,1596,20118
1356,189,1990,0,305,74,5504,3,483,88,117,65,54,80,160,366,33,55,579,608,14,172,310,3,3,71,42,5492,45,33,1822,18760
1357,333,2233,10,360,45,6573,21,394,119,127,105,58,148,352,396,44,47,615,795,15,486,546,5,0,425,75,6808,58,26,2127,23346
1358,239,1724,0,178,43,5191,21,364,95,108,67,70,36,232,284,33,45,512,668,14,322,284,0,0,187,30,5031,41,18,1673,17510
1359,29,88,0,0,0,718,4,59,25,0,6,0,3,14,23,0,0,20,36,0,24,69,0,0,24,0,366,0,6,1497,3011
1360,838,552,0,140,0,7097,25,1583,36,23,30,315,91,250,106,10,88,190,787,7,886,1200,4,0,563,39,2865,4,3,1322,19054
1361,403,1582,0,408,0,5689,22,630,37,40,104,76,136,285,332,30,22,387,619,19,753,1432,4,0,311,35,4255,23,18,1549,19201
1362,530,1574,0,905,0,4896,30,506,40,64,96,46,116,280,310,45,31,477,665,13,936,1330,6,0,390,83,4417,23,3,1569,19381
1363,407,364,0,370,0,1600,21,145,23,16,14,18,29,113,99,11,11,108,331,4,1030,533,3,0,443,48,2112,12,15,906,8786
1365,824,1559,0,440,0,7268,62,609,146,199,101,227,309,658,381,10,67,476,1251,86,5092,4001,0,0,2710,92,5350,27,19,2666,34630
1366,648,592,0,179,3,3646,48,400,53,97,32,189,226,306,140,0,16,184,716,10,3421,4312,3,0,1671,96,3344,15,14,2858,23219
1368,144,979,0,233,40,4187,3,505,19,9,53,21,72,78,223,17,21,299,193,6,243,203,0,0,121,61,2487,3,13,1002,11235
1369,438,2201,0,452,26,5661,25,365,75,110,78,55,154,343,376,39,76,466,807,10,1535,901,10,0,655,72,6319,45,29,1885,23208
1370,365,2235,0,247,9,4289,19,393,66,147,56,34,77,274,537,32,78,390,615,16,634,268,10,0,77,72,7510,51,23,1971,20495
1371,323,2610,0,242,0,4128,30,455,53,72,62,60,57,245,508,17,25,582,611,5,184,83,42,0,31,105,9092,70,57,2614,22363
1372,201,2189,0,189,0,3725,12,342,58,96,62,8,49,167,579,46,40,401,616,26,84,149,21,0,40,126,7441,65,41,2313,19086
1373,115,2759,0,235,0,3598,43,396,52,49,62,35,54,167,505,16,10,655,434,3,60,45,15,0,0,37,7196,30,31,1475,18077
1374,199,3325,0,269,0,5003,35,261,34,49,61,21,42,281,728,3,26,675,787,16,50,33,7,0,9,60,9721,83,35,1913,23726
1375,165,1745,0,168,0,3329,9,340,43,75,51,18,54,128,445,20,14,434,359,18,63,69,50,0,13,70,6701,51,49,1783,16264
1376,188,1598,0,153,0,3011,21,318,101,56,44,30,39,171,255,26,26,319,536,16,247,203,35,0,36,28,4504,33,10,971,12975
1377,83,1749,0,132,0,2420,30,392,107,32,39,21,21,38,335,6,3,418,204,0,17,27,0,0,0,10,3883,17,10,918,10912
1378,32,909,0,34,0,791,9,31,6,12,13,0,9,16,137,0,3,240,74,3,6,7,14,0,13,3,2324,7,17,606,5316
1379,207,3511,0,239,0,4108,11,93,30,29,62,4,37,166,525,20,8,765,473,16,16,15,11,0,7,84,9154,76,22,2156,21845
1380,163,3965,0,372,0,5522,53,263,60,36,60,6,41,88,664,21,6,1031,455,27,37,29,16,0,8,40,8770,20,32,1981,23766
1381,152,3292,0,179,0,3666,19,241,14,55,50,0,29,25,450,9,0,758,337,6,67,9,20,0,14,27,7015,27,15,1314,17790
1382,110,3039,0,347,0,3946,30,202,24,69,49,15,45,58,401,9,11,706,408,9,14,7,25,0,6,22,7425,38,15,1406,18436
1383,121,2538,0,97,0,3731,25,307,94,25,37,3,22,31,537,14,3,508,241,9,6,18,19,0,8,28,6636,32,37,1795,16922
1384,136,3329,0,305,0,4074,49,272,192,49,67,3,33,55,732,107,9,911,387,6,35,6,9,0,6,49,7711,64,38,2080,20714
1385,121,3043,3,250,0,3552,13,125,46,37,41,0,44,120,534,29,6,583,430,0,21,21,0,0,0,37,7155,44,24,1646,17925
1386,32,911,0,36,0,1749,37,13,45,3,67,0,9,13,344,35,6,600,137,0,29,57,0,0,18,3,2708,3,3,1326,8184
1387,5,420,0,9,0,500,3,3,13,0,34,0,3,24,141,3,16,423,39,14,3,0,3,0,3,8,992,3,4,483,3149
1388,67,1753,0,66,0,2824,262,35,11,9,1366,6,9,229,334,56,23,2427,264,9,75,84,6,3,17,26,4851,20,6,1310,16148
1389,6,350,0,8,0,455,48,0,3,5,338,0,0,54,62,12,7,666,103,4,0,0,0,0,0,5,947,6,0,285,3364
1390,33,859,0,111,0,741,18,11,7,0,781,12,3,46,218,50,11,1427,184,8,28,19,0,6,0,3,1619,0,9,581,6785
1391,12,577,0,28,0,775,15,6,25,0,15,0,3,6,91,23,0,510,37,3,0,3,3,0,3,11,868,0,0,277,3291
1392,42,980,0,97,53,1327,23,6,16,8,113,0,3,28,236,40,12,1042,105,3,31,22,0,0,0,18,2889,6,0,839,7939
1393,8,434,0,6,0,579,11,10,0,0,114,0,7,18,97,7,10,359,45,0,0,3,0,0,3,3,740,10,4,270,2738
1394,16,913,0,84,0,1097,4,18,3,11,517,4,9,66,142,7,8,1103,110,0,13,7,0,0,6,11,1735,3,3,683,6573
1395,39,877,0,18,0,1991,23,107,9,7,70,0,14,51,184,12,56,437,110,21,10,7,0,3,21,8,2136,16,0,576,6803
1396,24,639,0,29,0,1104,33,25,4,0,76,0,3,61,101,4,17,386,94,9,3,20,3,0,3,3,1608,4,0,485,4738
1398,13,471,0,18,10,660,8,3,12,9,99,0,14,6,106,7,14,503,40,3,9,11,0,0,16,0,1260,7,0,395,3694
1399,61,725,0,15,0,1118,27,29,36,8,49,0,7,131,121,43,13,373,120,17,4,38,0,0,13,9,2191,3,3,675,5829
1400,9,728,0,76,0,1629,4,12,0,4,28,3,8,28,213,8,0,1127,104,11,18,0,0,0,0,6,1467,6,0,667,6156
1401,17,1260,0,154,0,1391,7,6,0,3,28,8,3,29,213,0,0,841,117,0,7,3,0,0,4,3,1941,5,0,560,6600
1402,9,644,0,200,87,775,3,23,0,0,3,0,0,14,191,0,3,332,119,0,20,0,0,0,5,3,1008,3,0,424,3866
1403,293,235,0,18,0,917,5,87,3,36,3,0,120,28,47,0,35,182,69,0,40,43,0,0,9,0,634,0,0,520,3324
1404,76,1272,0,41,150,2700,132,9,5,10,22,0,17,61,381,33,3,907,250,3,47,269,0,0,129,0,2949,7,0,1295,10768
1405,42,884,0,33,0,1397,69,17,0,4,30,0,10,35,180,0,0,650,58,0,14,14,0,3,15,6,1904,11,4,953,6333
1406,56,2464,0,168,4,3605,31,25,15,23,66,7,10,131,513,37,10,1161,256,3,25,3,0,3,3,6,4465,25,10,1355,14480
1407,31,1777,0,112,0,2589,9,17,12,6,24,0,27,258,469,46,12,939,258,3,31,46,0,0,6,18,3042,31,0,1048,10811
1408,0,706,0,36,0,858,6,4,0,0,15,0,8,25,125,16,3,419,44,3,0,0,0,0,0,3,1074,0,5,426,3776
1409,23,646,0,15,0,913,0,9,3,5,7,0,0,10,307,93,0,380,47,0,9,0,0,0,0,4,1043,0,0,339,3853
1410,37,670,0,32,0,977,0,19,18,4,20,3,6,47,186,3,9,301,73,0,0,12,0,0,0,6,1135,0,6,400,3964
1411,58,928,0,15,0,2077,0,23,25,5,16,0,6,44,219,11,7,489,35,0,23,151,0,0,101,9,1401,0,0,646,6289
1412,13,433,0,31,5,672,3,6,3,0,19,0,0,16,102,7,3,260,27,0,0,8,0,0,0,4,670,0,0,278,2560
1413,37,1818,0,95,80,3173,60,45,8,19,15,4,23,51,545,26,24,1154,200,0,19,22,0,0,3,12,3571,7,10,1050,12071
1414,29,1404,0,24,0,2380,18,13,12,0,16,0,17,55,327,0,0,547,79,0,34,14,3,0,14,6,1869,7,0,908,7776
1415,39,1200,0,45,0,1903,13,28,62,30,13,0,9,103,244,23,6,516,136,3,34,105,0,3,40,21,2448,25,11,827,7887
1416,185,1932,0,90,85,4929,38,224,37,40,43,37,38,253,598,30,19,958,434,3,222,898,6,4,282,22,4948,22,18,2048,18443
1417,177,2343,0,151,0,5362,49,422,82,55,84,3,32,214,695,22,21,1326,473,3,199,2434,6,0,425,60,5850,23,12,2459,22982
1418,12,485,0,26,0,919,10,22,3,0,10,0,0,33,158,0,0,477,53,3,6,27,0,0,3,6,1209,10,0,387,3859
1419,67,1341,0,50,0,2621,9,34,7,6,11,0,15,216,449,3,7,627,196,8,28,90,0,3,54,14,2833,21,0,1355,10065
1420,30,1304,0,99,6,1361,16,11,6,7,186,0,13,70,439,16,9,1044,176,0,3,10,0,6,0,13,2851,18,3,927,8624
1421,49,1183,0,141,98,1808,3,10,52,4,674,3,4,85,625,25,9,1121,130,0,26,10,0,4,6,11,2948,10,4,807,9850
1422,76,1379,0,198,0,1741,21,12,39,3,329,3,9,79,587,41,3,892,248,3,24,17,0,0,0,24,3706,19,4,1222,10679
1423,11,752,0,46,0,1153,5,10,7,4,495,0,3,12,317,4,11,834,143,6,0,0,4,0,4,7,1595,3,3,583,6012
1424,673,927,0,565,0,2826,41,1321,14,21,60,106,148,210,294,16,5,408,462,6,272,410,32,0,86,80,4475,26,3,1015,14502
1425,815,891,0,362,0,2391,47,1028,46,20,56,111,140,191,280,24,16,397,412,10,310,453,30,0,108,60,4660,16,17,1013,13904
1426,341,988,7,100,0,3016,16,1464,22,0,28,27,31,33,215,0,3,338,184,8,422,75,1559,0,66,52,4394,18,12,1253,14672
1427,253,985,0,60,0,3444,9,1142,30,0,41,24,17,59,233,9,15,301,227,35,223,75,1026,0,23,42,3880,39,3,973,13168
1428,882,714,3,91,0,3963,20,2225,31,6,13,36,39,53,117,18,0,166,479,3,549,974,18,0,86,48,6964,78,25,2214,19815
1429,266,396,0,43,0,3175,12,1047,14,0,21,16,9,35,65,20,3,155,205,6,245,793,10,0,44,49,4325,55,9,1063,12081
1430,289,2107,0,252,68,5590,20,723,88,97,37,83,57,312,374,28,44,469,693,9,269,217,3,0,153,34,7485,32,8,1362,20903
1431,373,770,6,102,0,3647,3,1356,14,22,11,35,47,128,194,20,9,204,563,3,597,1217,0,0,452,13,2229,3,13,991,13022
1432,316,456,0,39,0,2192,0,831,15,32,3,42,18,38,141,8,12,92,286,3,393,628,0,0,403,14,1564,9,9,713,8257
1433,461,187,0,67,0,2613,5,960,30,23,3,49,53,154,46,7,7,57,508,3,992,1437,5,0,794,33,1454,6,4,886,10844
1434,384,1015,10,153,3,4450,3,1044,37,31,7,89,64,342,186,19,47,244,613,10,878,619,3,3,346,36,4248,27,20,1344,16275
1435,239,565,0,102,0,4209,0,1274,26,20,19,134,39,154,109,18,14,134,595,0,637,448,3,0,323,35,2164,21,16,683,11981
1436,233,773,6,111,0,4088,3,1038,35,23,10,81,33,158,195,17,17,218,476,6,494,413,0,3,213,29,2486,16,12,736,11923
1437,291,164,6,40,0,2118,9,639,30,28,7,99,37,88,69,11,37,63,343,0,979,1122,0,0,1027,15,1046,9,0,794,9071
1438,658,967,22,123,0,5972,14,863,51,79,41,66,67,92,205,8,6,289,353,15,1638,4152,3,3,377,59,3780,20,12,1981,21916
1439,95,197,26,12,0,1190,0,140,3,0,5,9,4,10,43,0,0,88,73,0,113,55,0,0,0,0,625,0,0,209,2897
1440,49,236,0,18,0,2094,0,311,26,3,14,0,7,16,53,3,0,56,95,0,59,1144,3,0,14,0,851,0,9,469,5530
1441,193,600,60,66,0,2367,15,275,36,57,9,27,30,63,130,7,10,205,227,3,323,574,0,4,485,84,1738,0,0,728,8316
1442,388,463,88,57,0,3338,7,421,42,65,11,57,54,127,97,6,39,142,416,0,766,1381,0,0,814,41,1680,0,7,906,11413
1443,641,842,192,61,0,5117,23,357,55,75,15,92,78,140,172,27,35,237,493,14,873,1819,0,3,983,74,2615,22,13,1203,16271
1444,658,385,171,55,0,3408,25,264,54,112,7,94,45,222,91,8,51,146,386,0,1418,2186,6,0,1375,29,1778,12,19,1061,14066
1445,95,200,15,32,0,1222,0,161,16,18,3,22,5,40,47,0,14,63,97,0,129,175,3,0,168,7,586,5,0,247,3370
1446,482,2269,0,455,42,3993,55,286,41,86,139,33,74,283,519,71,52,666,799,88,468,178,11,0,107,87,8612,55,29,1955,21935
1447,336,1524,0,325,43,2716,30,195,41,16,79,22,43,142,350,43,35,427,500,23,192,54,16,0,54,58,5350,34,17,1163,13828
1448,308,1580,0,273,9,3429,27,250,47,22,70,29,49,188,335,25,29,455,440,29,155,86,13,0,24,54,5478,38,18,1093,14553
1449,29,468,0,96,7,778,16,11,17,10,16,0,6,36,63,6,3,81,139,6,16,0,0,0,0,21,1966,6,10,401,4208
1450,203,1494,0,974,5,2625,56,142,23,44,88,6,50,195,266,39,52,532,626,38,171,64,6,3,54,85,5753,40,22,1369,15025
1451,221,1432,0,603,0,2681,44,117,14,39,163,22,56,181,304,43,44,561,476,24,145,54,3,0,61,69,4845,20,0,993,13215
1452,89,546,0,160,0,966,17,47,12,3,20,3,10,57,127,10,15,153,205,16,54,20,9,0,13,11,1774,20,3,330,4690
1453,607,681,0,274,0,3179,12,666,43,30,15,111,64,346,198,12,59,208,461,8,381,1059,11,0,76,52,2297,16,6,930,11802
1454,721,612,0,245,8,3513,14,1044,19,55,41,140,84,341,158,8,48,256,568,6,473,1347,3,0,90,81,2348,12,8,1056,13299
1455,456,1027,0,233,0,3638,13,423,49,59,38,66,55,249,294,18,43,288,546,0,377,863,0,0,192,77,3386,41,13,913,13357
1456,744,1096,0,177,4,2999,36,372,69,67,38,121,65,246,248,19,53,293,543,21,514,1108,11,0,332,41,3432,33,8,1140,13830
1457,381,1237,0,172,3,3523,23,349,23,38,45,123,17,269,279,25,100,321,496,9,273,921,12,0,142,32,3393,22,12,794,13034
1458,717,1201,0,225,6,4094,38,372,39,74,12,106,56,340,302,17,63,300,538,10,670,2241,13,0,350,33,3618,32,6,1247,16720
1459,1417,434,0,119,0,2462,18,469,39,25,19,16,47,148,135,9,33,180,342,0,759,1255,14,0,1032,61,2077,16,9,1154,12289
1460,3659,674,0,140,0,3807,24,464,54,49,15,44,105,211,195,8,49,321,450,16,677,1767,10,0,788,53,3231,13,26,1700,18550
1461,255,237,3,53,0,1804,5,266,18,11,14,57,28,66,58,3,11,75,234,0,134,258,0,0,83,4,669,4,0,370,4720
1462,405,109,0,45,0,1863,0,356,11,0,4,129,19,115,23,0,44,36,306,5,392,527,3,0,218,23,935,0,12,456,6036
1463,771,727,7,146,0,6953,16,1111,108,54,20,342,127,490,197,0,58,217,850,7,639,1234,7,0,340,75,3501,16,24,1656,19693
1464,453,772,0,145,0,3086,4,376,32,69,54,35,49,229,139,3,17,150,521,12,671,452,20,3,205,71,3511,17,9,986,12091
1465,885,1391,0,258,0,5828,15,957,48,79,101,104,140,306,352,12,13,404,805,35,2047,1165,16,0,307,88,6165,19,22,1557,23119
1466,621,585,0,176,0,2854,20,343,55,47,22,34,77,243,228,3,17,198,523,17,2236,511,15,0,290,60,4087,31,17,997,14307
1467,537,1879,0,913,24,4762,9,363,71,95,91,52,112,232,431,57,41,461,610,6,751,1086,0,0,407,58,4739,34,13,1976,19810
1468,179,1306,5,238,61,3468,3,186,66,37,74,15,45,166,234,22,30,306,279,13,258,284,0,4,150,47,3378,28,21,874,11777
1469,227,1922,0,116,0,3530,86,163,58,58,166,9,70,208,424,94,150,1021,402,25,76,390,0,14,60,13,6437,33,9,2126,17887
1470,155,1757,0,80,0,3480,76,192,45,59,198,4,70,182,319,46,75,892,329,9,101,483,4,12,88,12,4385,21,3,1387,14464
1471,11,415,0,16,0,1090,0,3,25,0,12,0,5,33,125,4,3,460,56,0,0,8,0,0,0,7,819,0,5,360,3457
1472,44,1328,0,112,0,3427,3,27,32,6,38,5,26,37,611,29,7,957,190,9,13,109,0,0,9,3,3955,32,3,1147,12159
1473,23,629,0,45,0,1365,6,10,17,0,17,0,3,45,231,0,3,489,88,4,0,5,0,0,0,4,1804,3,0,522,5313
1474,10,681,0,28,0,1535,0,15,3,4,38,0,4,13,489,18,0,361,70,0,3,0,0,3,0,0,1498,4,0,559,5336
1475,30,840,0,139,0,1610,0,0,16,0,40,0,0,19,387,0,3,775,94,3,3,6,0,0,0,6,2339,9,5,719,7043
1476,38,381,0,21,0,477,0,55,12,0,7,0,0,24,80,4,3,211,56,0,7,12,0,0,0,13,1566,9,5,442,3423
1477,9,722,0,106,0,1786,3,3,6,3,88,0,11,21,436,3,21,525,146,0,0,0,0,0,0,7,1933,3,0,673,6505
1478,41,1085,0,97,0,2759,13,16,3,0,128,0,11,25,531,9,12,529,132,0,9,3,0,0,0,19,2911,18,12,996,9359
1479,153,1765,0,278,46,6704,75,45,27,6,223,3,37,133,1233,54,24,864,481,0,55,47,8,0,13,16,6550,28,21,1997,20886
1480,95,1035,0,179,0,3535,19,24,44,7,90,7,22,62,751,40,16,641,253,0,44,28,6,3,0,21,4310,36,16,1486,12770
9499,156,416,3,62,3,947,11,90,14,20,23,8,27,69,122,9,19,125,149,0,99,247,15,4,19,35,2512,46,34,2289,7573
